{"cameraMode":{"drawMode":0,"name":"Shaded","section":"Shading Mode"},"sceneLighting":false,"audioPlay":false,"sceneViewState":{"showFog":true,"showMaterialUpdate":false,"showSkybox":true,"showFlares":true,"showImageEffects":true,"showParticleSystems":true},"in2DMode":false,"pivot":{"x":8.94547176361084,"y":3.516432046890259,"z":-0.014636516571044922},"rotation":{"x":0.15544377267360688,"y":-0.36331573128700259,"z":0.06161782890558243,"w":0.9165381789207459},"size":7.140134811401367,"orthographic":false}