{"cameraMode":{"drawMode":0,"name":"Shaded","section":"Shading Mode"},"sceneLighting":true,"audioPlay":false,"sceneViewState":{"showFog":true,"showMaterialUpdate":false,"showSkybox":true,"showFlares":true,"showImageEffects":true,"showParticleSystems":true},"in2DMode":false,"pivot":{"x":97.98565673828125,"y":70.3483657836914,"z":23.975799560546876},"rotation":{"x":0.28666460514068606,"y":-0.2491730898618698,"z":0.07748935371637345,"w":0.9218088388442993},"size":472.4986877441406,"orthographic":true}