{"cameraMode":{"drawMode":0,"name":"Shaded","section":"Shading Mode"},"sceneLighting":false,"audioPlay":false,"sceneViewState":{"showFog":true,"showMaterialUpdate":false,"showSkybox":true,"showFlares":true,"showImageEffects":true,"showParticleSystems":true},"in2DMode":false,"pivot":{"x":9.5367431640625e-7,"y":4.550000190734863,"z":-9.5367431640625e-7},"rotation":{"x":-0.13159050047397614,"y":0.019623564556241037,"z":-0.0026054633781313898,"w":-0.9911065101623535},"size":51.25130081176758,"orthographic":true}